Name,Year
Ride Along,2014
Paranormal Activity: The Marked Ones,2014
"I, Frankenstein",2014
Jack Ryan: Shadow Recruit,2014
Jilla,2014
Devil's Due,2014
The Legend of Hercules,2014
Wish I Was Here,2014
Comic 8,2014
Excuse my French,2014
Yaariyan,2014
12 O’Clock Boys,2014
Knights of Badassdom,2014
Return to Nuke 'Em High Volume 1,2014
Voyna i mir IV. - Pierre Bezukhov,2014
The Speed Of Life,2014
Young Ones,2014
Quando Eu Era Vivo,2014
Confissões de Adolescente: O Filme,2014
Time Pass,2014
Boonie Bears: To the Rescue,2014
Judge!,2014
Ein blinder Held – Die Liebe des Otto Weidt,2014
Snegurochka,2014
Two Indians Talking,2014
Putin's Games,2014
Casa Grande,2014
Lost In Paradise: Mauritius,2014
Ragamuffin,2014
Eyyvah Eyvah 3,2014
The Town That Came A-Courtin',2014
Living Stars,2014
Авантюристы,2014
A Year in Champagne,2014
Afronauts,2014
Jugular,2014
"Bucuresti, unde esti?",2014
Mega Shark vs. Mecha Shark,2014
June in January,2014
MTV Unplugged: Miley Cyrus,2014
Life Is Strange,2014
Todos tus secretos,2014
Hot Young Bloods,2014
Brain of Terror,2014
Mr Joe B. Carvalho,2014
Happiness,2014
Her: Love in the Modern Age,2014
I'm the One You Want,2014
Karle Pyaar Karle,2014
Mannar Mathai Speaking 2,2014
UFC on Fox: Henderson vs. Thomson,2014
"Don't Hug Me, I'm Scared II: Time",2014
Oceanerosemarie,2014
Fingers & Thumbs,2014
Steve's First Bath,2014
Minugurulu,2014
Unlocking Sherlock,2014
The Distance,2014
Kung Fu Elliot,2014
Zombie: The Resurrection of Tim Zom,2014
The Lego Movie,2014
RoboCop,2014
Non-Stop,2014
The Monuments Men,2014
Recep Ivedik 4,2014
Pompeii,2014
Son of God,2014
About Last Night,2014
Winter's Tale,2014
Easy on the Eyes,2014
Spiral,2014
Paisa,2014
My Sisters,2014
Vallinam,2014
Lust for Love,2014
ゲームセンターCX: THE MOVIE,2014
O Casamento de Gorete,2014
Osamu Tezuka's Buddha: Endless Trip,2014
K3 Dierenhotel,2014
Bert Visscher - Afijn,2014
She's Lost Control,2014
Mea Culpa,2014
American Weapon,2014
The Outsider,2014
Die Flut ist pünktlich,2014
UFC Fight Night: Kim vs. Hathaway,2014
Kummeli V,2014
La cañada de Andrea,2014
Afternoon of a Faun: Tanaquil Le Clercq,2014
Rangan Style,2014
Inbetween Worlds,2014
What Difference Does It Make?,2014
I Carry the Gift,2014
Fly Colt Fly,2014
Vulva 3.0,2014
Madhavanum Malarvizhiyum,2014
The Valley of Dolls,2014
From Dreams: The Making of the Last of Us - Left Behind,2014
The Decent One,2014
Freeload,2014
Latitudes,2014
The Drunk,2014
Unreal Love,2014
Ohm Shanthi Oshaana,2014
Spies of Mississippi,2014
Tillbaka till Bromma,2014
As the Palaces Burn,2014
Ich Hunger,2014
Jaatishwar,2014
Fly,2014
"One Candle, Two Candles...",2014
The Standbys,2014
Noah,2014
300: Rise of an Empire,2014
Divergent,2014
Mr. Peabody & Sherman,2014
Need for Speed,2014
Doraemon: New Nobita's Great Demon ~Peko and the Exploration Party of Five~,2014
The Pirate Fairy,2014
Sabotage,2014
The Single Moms Club,2014
D-Day: Normandy 1944,2014
Finding Vivian Maier,2014
Apartment 18,2014
Rob the Mob,2014
Better Living Through Chemistry,2014
No more nights and no more days,2014
God's Not Dead,2014
A Long Way Down,2014
Get a Job,2014
Grand Piano,2014
Maïna,2014
Art War,2014
Lucia de B. (NL),2014
Wer ist Thomas Müller?,2014
N'importe qui,2014
Situation Amoureuse : C'est Compliqué,2014
Love Me,2014
Arlo and Julie,2014
Long Distance,2014
Dead Walkers: Rise of the 4th Reich,2014
Roger Ballen's Asylum of the Birds,2014
Los fenómenos,2014
Purgatory,2014
Uneasy Lies the Mind,2014
Bite Size,2014
Know How,2014
Life is Love,2014
Betsy & Leonard,2014
Johnny Winter: Down & Dirty,2014
Road to Austin,2014
"Pulp: a Film About Life, Death & Supermarkets",2014
Something Must Break,2014
Back to Switzerland,2014
The Rest of the World,2014
A Practical Guide to a Spectacular Suicide,2014
The David Dance,2014
Born to Race: Fast Track,2014
Arctic,2014
The Divorce Party,2014
The Little Rascals Save the Day,2014
Sororal,2014
Yasagan,2014
Bad Country,2014
Kadhal Solla Aasai,2014
Loaded,2014
School of Babel,2014
"Richelieu, la pourpre et le sang",2014
Keys of Heaven,2014
The Tiger's Neighborhood,2014
The Wolf Pack,2014
Captain America: The Winter Soldier,2014
Heaven Is for Real,2014
My Old Classmate,2014
Rio 2,2014
Draft Day,2014
Barbecue,2014
WWE WrestleMania XXX,2014
Ring Master,2014
Black Rose,2014
An Odd Evening in April,2014
Salem Abu Ukhtuh,2014
Make Your Move,2014
Pacquiao vs. Bradley 2,2014
Bears,2014
Poker,2014
The Retrieval,2014
Dog Soldiers: Fresh Meat,2014
The Deadly Ponies Gang,2014
The Galapagos Affair: Satan Came to Eden,2014
Die schwarzen Brüder,2014
A Fighting Man,2014
Mi verano con Amanda 3,2014
Visions of Mary Frank,2014
Carmina y amén,2014
Silent Summer,2014
Shuttlecock,2014
Small Time,2014
Ghostline,2014
A Fine Step,2014
Pim & Pom: Het Grote Avontuur,2014
Last Hijack,2014
One Night in Oslo,2014
Mutual Friends,2014
Menthol,2014
The Hooping Life,2014
In the Blood,2014
Next Goal Wins,2014
It’s Alright If I’m Lost,2014
Electric Slide,2014
The Windmill,2014
Getulio,2014
Evens and Odds,2014
Boulevard,2014
secret d'histoire un homme nommé jésus,2014
Die Toten Hosen: Der Krach der Republik – Das Tourfinale,2014
Gervasio Sánchez,2014
Divide In Concord,2014
We Could Be King,2014
I Am A Real Boy,2014
Netwars,2014
bretón / ocho meses,2014
Slaughter Is the Best Medicine,2014
Bruce Springsteen's High Hopes - HBO Documentary Films,2014
Regarding Susan Sontag,2014
Misconception,2014
They Came at Night,2014
Maleficent,2014
X-Men: Days of Future Past,2014
The Amazing Spider-Man 2,2014
Godzilla,2014
Blended,2014
Heropanti,2014
"Two Days, One Night",2014
Maybe This Time,2014
Bangalore Days,2014
Pane e burlesque,2014
Oh! Father,2014
Missing Monsters,2014
How to hack StreamAPI.,2014
How to hack StormAPI.,2014
Broadcasting Girl,2014
Continuity Error,2014
The Angriest Man in Brooklyn,2014
Wax,2014
Floating Skyscrapers,2014
Frank,2014
Walk of Shame,2014
A Million Ways to Die in the West,2014
Plastic,2014
Sign Painters,2014
Half of a Yellow Sun,2014
Mateo,2014
The Birder,2014
Sementes do Nosso Quintal,2014
VICTIMES DE LA BOMBE ATOMIQUE FRANÇAISE,2014
Decision in the Streets,2014
The Bigger Picture,2014
FOOL COOL ROCK! ONE OK ROCK DOCUMENTARY FILM,2014
Powstanie Warszawskie,2014
Kamasutra 3D,2014
Der letzte Mentsch,2014
Jimmy's Hall,2014
Hungerford,2014
Squatters,2014
State of Bacon,2014
Downhill,2014
Another,2014
Razing the Bar: A Documentary About the Funhouse,2014
Koyelaanchal,2014
The Blue Room,2014
Butterfly,2014
Dans la cour,2014
Queen and Country,2014
Making the Rules,2014
As Dreamers Do,2014
Being Us,2014
Alegrías de Cádiz,2014
American Interior,2014
Hawaa Hawaai,2014
Nachbarn süß-sauer,2014
Hogenakkal,2014
Dragon Gate King of Gate 2014 Day 1,2014
Kikaider REBOOT,2014
Obsessed,2014
Uzay Kuvvetleri 2911 (3D),2014
Sophia Grace & Rosie's Royal Adventure,2014
How to Train Your Dragon 2,2014
Edge of Tomorrow,2014
Transformers: Age of Extinction,2014
22 Jump Street,2014
The Breakup Guru,2014
Think Like a Man Too,2014
Mrs. Brown's Boys D'Movie,2014
French Women,2014
My Hawaiian Discovery,2014
A Long Way Off,2014
Scherzi: il film,2014
My Dog Acting Crazy,2014
The Jack Story,2014
Bluebird,2014
Stop the Pounding Heart,2014
Miss Lovely,2014
Yves Saint Laurent,2014
Code Black,2014
The Empty Hours,2014
Saivam,2014
Nature: Fabulous Frogs,2014
Carry On,2014
Chronicles of the Nephilim: The Ancient Biblical Story,2014
Chuckie - Back to the Original Core,2014
Night City Angels,2014
Walking on Sunshine,2014
Mudbloods,2014
Spacehog: Summerland 2014,2014
Gameboy,2014
Mij krijg je niet,2014
Nowhere place,2014
For the Emperor,2014
NJPW Dominion 6.21,2014
Delirium,2014
Cahaya Dari Timur: Beta Maluku,2014
Les amis à vendre,2014
I Won't Come Back,2014
Mission Impossible: Samurai,2014
Vsjo i srazu,2014
From Scotland with Love,2014
Mad As Hell,2014
Vielen Dank für Nichts,2014
Dead End,2014
Wild Justice,2014
Night of Adventure,2014
Sapos y culebras,2014
Road,2014
Dude Where's My Dog?,2014
Camaradas,2014
Joyfluid,2014
Of Truth and Magic,2014
The Young Kieslowski,2014
Manjapai,2014
Cantajuego 10,2014
Guardians of the Galaxy,2014
Dawn of the Planet of the Apes,2014
Lucy,2014
Hercules,2014
The Purge: Anarchy,2014
Step Up All In,2014
Earth to Echo,2014
Boyhood,2014
Avatharam,2014
Rock Sangkut,2014
The Passenger,2014
UFC on Fox: Lawler vs. Brown,2014
"Phish - 2014/07/20 - Chicago, IL",2014
"Phish - 2014/07/26 - Columbia, MD",2014
"Phish - 2014/07/27 - Columbia, MD",2014
"Phish - 2014/07/19 - Chicago, IL",2014
Rurouni Kenshin: Kyoto Inferno,2014
Thanksgiving,2014
Affluenza,2014
Arima Nambi,2014
Magic in the Moonlight,2014
The Girl on the Train,2014
The Fluffy Movie,2014
Ice Poison,2014
Thirumanam Enum Nikkah,2014
K: Missing Kings,2014
Tiny Times 3,2014
Olvidados,2014
Video Games: The Movie,2014
Totally Talking,2014
Late Season,2014
La Sapienza,2014
Common,2014
ONE Fighting Championship: War of Dragons,2014
Kiss [2014] Charlotte 40th Anniversary,2014
Ramanujan,2014
Killing Daddy,2014
Wings: Sky Force Heroes,2014
Gun Hill,2014
Skanks,2014
Jigarthanda,2014
Wir sind die Neuen,2014
Les Vacances du Petit Nicolas,2014
Sex Tape,2014
I Like a Sexy Girl,2014
Passionate,2014
Kings of Leon Live at Lollapalooza 2014,2014
Future Sounds of Mzansi,2014
VeggieTales: Celery Night Fever,2014
Bloody Knuckles,2014
