Audience_rating,Cast,Critic_rating,Director,Genre,ID,Movie,Release,Review,imdb,weblink
60,"[{u'name': u'Ice Cube', u'characters': [u'James'], u'id': u'162652332'}, {u'name': u'Kevin Hart', u'characters': [u'Ben'], u'id': u'770671077'}, {u'name': u'John Leguizamo', u'characters': [u'Santiago'], u'id': u'162652698'}, {u'name': u'Bruce McGill', u'characters': [u'Lt. Brooks'], u'id': u'162652571'}, {u'name': u'Tika Sumpter', u'characters': [u'Angela Payton'], u'id': u'771078913'}]",17,[{u'name': u'Tim Story'}],"[Action & Adventure, Comedy]",771320491,Ride Along,2014-01-17,http://api.rottentomatoes.com/api/public/v1.0/movies/771320491/reviews.json,1408253,http://www.rottentomatoes.com/m/ride_along_2014/
36,"[{u'name': u'Eddie Fernandez', u'id': u'770716445'}, {u'name': u'Tonja Kahlens', u'id': u'771456352'}, {u'name': u'Micah Sloat', u'id': u'770779122'}, {u'name': u'Catherine Toribio', u'id': u'771507618'}, {u'name': u'Andrew Jacobs', u'id': u'770848003'}]",38,[{u'name': u'Christopher Landon'}],[Horror],771364044,Paranormal Activity: The Marked Ones,2014-01-03,http://api.rottentomatoes.com/api/public/v1.0/movies/771364044/reviews.json,2473682,http://www.rottentomatoes.com/m/paranormal_activity_the_marked_ones/
39,"[{u'name': u'Aaron Eckhart', u'characters': [u'Adam'], u'id': u'162668655'}, {u'name': u'Bill Nighy', u'characters': [u'Naberius'], u'id': u'162652300'}, {u'name': u'Yvonne Strahovski', u'characters': [u'Terra'], u'id': u'770790627'}, {u'name': u'Miranda Otto', u'characters': [u'Leonore'], u'id': u'162652765'}, {u'name': u'Jai Courtney', u'characters': [u'Gideon'], u'id': u'771383833'}]",3,[{u'name': u'Stuart Beattie'}],"[Horror, Mystery & Suspense, Science Fiction & Fantasy]",771257268,"I, Frankenstein",2014-01-24,http://api.rottentomatoes.com/api/public/v1.0/movies/771257268/reviews.json,1418377,http://www.rottentomatoes.com/m/i_frankenstein/
54,"[{u'name': u'Chris Pine', u'characters': [u'Jack Ryan'], u'id': u'326393041'}, {u'name': u'Kevin Costner', u'characters': [u'William Harper'], u'id': u'162662350'}, {u'name': u'Kenneth Branagh', u'characters': [u'Viktor Cherevin'], u'id': u'162659680'}, {u'name': u'Peter Andersson', u'characters': [u'Dimitri Lemkov'], u'id': u'326395717'}, {u'name': u'Keira Knightley', u'characters': [u'Cathy Muller'], u'id': u'162654560'}]",56,[{u'name': u'Kenneth Branagh'}],"[Drama, Action & Adventure, Mystery & Suspense]",771314857,Jack Ryan: Shadow Recruit,2014-01-17,http://api.rottentomatoes.com/api/public/v1.0/movies/771314857/reviews.json,1205537,http://www.rottentomatoes.com/m/jack_ryan_shadow_recruit/
61,"[{u'name': u'Kajal Aggarwal', u'id': u'770846908'}, {u'name': u'Mahat Raghavendra', u'id': u'771439917'}, {u'name': u'Mohanlal', u'id': u'335716527'}, {u'name': u'Vijay', u'id': u'770676503'}, {u'name': u'Soori', u'id': u'770676913'}]",-1,"[{u'name': u'R.T. Neason'}, {u'name': u'R T Nesan'}]","[Action & Adventure, Comedy]",771372079,Jilla,2014-01-09,http://api.rottentomatoes.com/api/public/v1.0/movies/771372079/reviews.json,2678948,http://www.rottentomatoes.com/m/jilla/
21,"[{u'name': u'Allison Miller', u'characters': [u'Samantha McCall'], u'id': u'770673402'}, {u'name': u'Robert Belushi', u'characters': [u'Mason'], u'id': u'771071887'}, {u'name': u'Sam Anderson', u'characters': [u'Father Thomas'], u'id': u'770675680'}, {u'name': u'Zach Gilford', u'characters': [u'Zach McCall'], u'id': u'770681835'}, {u'name': u'Colin Walker', u'characters': [u'Stanley'], u'id': u'771446124'}]",18,"[{u'name': u'Radio Silence'}, {u'name': u'Matt Bettinelli-Olpin'}]",[Horror],771355830,Devil's Due,2014-01-17,http://api.rottentomatoes.com/api/public/v1.0/movies/771355830/reviews.json,2752758,http://www.rottentomatoes.com/m/devils_due/
34,"[{u'name': u'Kellan Lutz', u'characters': [u'Hercules'], u'id': u'770685152'}, {u'name': u'Liam McIntyre', u'characters': [u'Sotiris'], u'id': u'771395286'}, {u'name': u'Scott Adkins', u'characters': [u'King Amphitryon'], u'id': u'770704326'}, {u'name': u'Liam Garrigan', u'characters': [u'Iphicles'], u'id': u'770802549'}, {u'name': u'Johnathon Schaech', u'characters': [u'Tarak'], u'id': u'364606705'}]",3,[{u'name': u'Renny Harlin'}],"[Action & Adventure, Science Fiction & Fantasy]",771349768,The Legend of Hercules,2014-01-10,http://api.rottentomatoes.com/api/public/v1.0/movies/771349768/reviews.json,1043726,http://www.rottentomatoes.com/m/the_legend_of_hercules/
66,"[{u'name': u'Zach Braff', u'characters': [u'Aidan'], u'id': u'162655018'}, {u'name': u'Kate Hudson', u'characters': [u'Sarah'], u'id': u'162653218'}, {u'name': u'Mandy Patinkin', u'characters': [u'Gabe'], u'id': u'162673967'}, {u'name': u'Josh Gad', u'characters': [u'Noah'], u'id': u'770683794'}, {u'name': u'Joey King', u'characters': [u'Grace'], u'id': u'770694775'}]",46,[{u'name': u'Zach Braff'}],"[Drama, Comedy]",771357153,Wish I Was Here,2014-07-18,http://api.rottentomatoes.com/api/public/v1.0/movies/771357153/reviews.json,2870708,http://www.rottentomatoes.com/m/wish_i_was_here/
39,"[{u'name': u'Ryan Kwanten', u'characters': [u'Joe'], u'id': u'356196877'}, {u'name': u'Peter Dinklage', u'characters': [u'Hung'], u'id': u'162653586'}, {u'name': u'Summer Glau', u'characters': [u'Gwen'], u'id': u'162654270'}, {u'name': u'Steve Zahn', u'characters': [u'Eric'], u'id': u'162652352'}, {u'name': u'Margarita Levieva', u'characters': [u'Beth'], u'id': u'748169809'}]",55,[{u'name': u'Joe Lynch'}],"[Action & Adventure, Horror, Science Fiction & Fantasy, Comedy]",771249148,Knights of Badassdom,2014-01-21,http://api.rottentomatoes.com/api/public/v1.0/movies/771249148/reviews.json,1545660,http://www.rottentomatoes.com/m/knights_of_badassdom/
39,"[{u'name': u'Michael Shannon', u'characters': [u'Ernest Holm'], u'id': u'368451324'}, {u'name': u'Nicholas Hoult', u'characters': [u'Flem Lever'], u'id': u'162654938'}, {u'name': u'Elle Fanning', u'characters': [u'Mary Holm'], u'id': u'528361349'}, {u'name': u'Kodi Smit-McPhee', u'characters': [u'Jerome Holm'], u'id': u'770673434'}, {u'name': u'Aimee Mullins', u'characters': [u'Katherine Holm'], u'id': u'341815962'}]",40,[{u'name': u'Jake Paltrow'}],"[Drama, Action & Adventure, Science Fiction & Fantasy]",771371776,Young Ones,2014-10-17,http://api.rottentomatoes.com/api/public/v1.0/movies/771371776/reviews.json,2693664,http://www.rottentomatoes.com/m/young_ones_2014/
87,"[{u'name': u'Will Ferrell', u'characters': [u'President Business'], u'id': u'162652185'}, {u'name': u'Craig Berry', u'characters': [u'Blake'], u'id': u'771478618'}, {u'name': u'Amanda Farinos', u'characters': [u'Mom'], u'id': u'771478619'}, {u'name': u'Keith Ferguson', u'characters': [u'Han Solo'], u'id': u'770744045'}, {u'name': u'Orville Forte', u'characters': [u'Abraham Lincoln'], u'id': u'771478620'}]",96,"[{u'name': u'Phil Lord'}, {u'name': u'Christopher Miller'}]","[Action & Adventure, Animation, Kids & Family, Comedy]",771305753,The LEGO Movie,2014-02-07,http://api.rottentomatoes.com/api/public/v1.0/movies/771305753/reviews.json,1490017,http://www.rottentomatoes.com/m/the_lego_movie/
52,"[{u'name': u'Joel Kinnaman', u'characters': [u'Alex Murphy/Robocop'], u'id': u'653490685'}, {u'name': u'Gary Oldman', u'characters': [u'Norton'], u'id': u'162652649'}, {u'name': u'Michael Keaton', u'characters': [u'Raymond Sellars'], u'id': u'162652681'}, {u'name': u'Samuel L. Jackson', u'characters': [u'Pat Novak'], u'id': u'162652156'}, {u'name': u'Abbie Cornish', u'characters': [u'Clara Murphy'], u'id': u'286584167'}]",48,[{u'name': u'Jose Padilha'}],"[Action & Adventure, Science Fiction & Fantasy]",770803774,RoboCop,2014-02-12,http://api.rottentomatoes.com/api/public/v1.0/movies/770803774/reviews.json,1234721,http://www.rottentomatoes.com/m/1200731-robocop/
65,"[{u'name': u'Liam Neeson', u'characters': [u'Bill Marks'], u'id': u'162652242'}, {u'name': u'Julianne Moore', u'characters': [u'Jen Summers'], u'id': u'162654248'}, {u'name': u'Corey Stoll', u'characters': [u'Austin Reilly'], u'id': u'770875086'}, {u'name': u'Michelle Dockery', u'characters': [u'Nancy'], u'id': u'770685607'}, {u'name': u'Scoot McNairy', u'characters': [u'Tom Bowen'], u'id': u'770681905'}]",60,[{u'name': u'Jaume Collet-Serra'}],"[Mystery & Suspense, Action & Adventure]",771304322,Non-Stop,2014-02-28,http://api.rottentomatoes.com/api/public/v1.0/movies/771304322/reviews.json,2024469,http://www.rottentomatoes.com/m/non_stop_2013/
44,"[{u'name': u'Matt Damon', u'characters': [u'James Granger'], u'id': u'162653499'}, {u'name': u'Bill Murray', u'characters': [u'Richard Campbell'], u'id': u'162653064'}, {u'name': u'John Goodman', u'characters': [u'Walter Garfield'], u'id': u'162655706'}, {u'name': u'Jean Dujardin', u'characters': [u'Jean Claude Clermont'], u'id': u'285373792'}, {u'name': u'Bob Balaban', u'characters': [u'Preston Savitz'], u'id': u'162674438'}]",31,[{u'name': u'George Clooney'}],"[Drama, Action & Adventure]",771323155,The Monuments Men,2014-02-07,http://api.rottentomatoes.com/api/public/v1.0/movies/771323155/reviews.json,2177771,http://www.rottentomatoes.com/m/the_monuments_men/
50,"[{u'name': u'Sahan Gokbakar', u'id': u'770705099'}, {u'name': u'Sahan Gokbakar', u'id': u'771484361'}]",-1,"[{u'name': u'Togan Gokbakar'}, {u'name': u'Togan Gokbakar'}]",[Comedy],771374510,Recep Ivedik 4,2014-04-04,http://api.rottentomatoes.com/api/public/v1.0/movies/771374510/reviews.json,3477064,http://www.rottentomatoes.com/m/recep_ivedik_4/
36,"[{u'name': u'Emily Browning', u'characters': [u'Cassia'], u'id': u'381421024'}, {u'name': u'Kit Harington', u'characters': [u'Milo'], u'id': u'771384803'}, {u'name': u'Carrie-Anne Moss', u'characters': [u'Aurelia'], u'id': u'162669130'}, {u'name': u'Adewale Akinnuoye-Agbaje', u'characters': [u'Atticus'], u'id': u'405589153'}, {u'name': u'Jessica Lucas', u'characters': [u'Ariadne'], u'id': u'770689629'}]",29,[{u'name': u'Paul W.S. Anderson'}],"[Drama, Action & Adventure, Mystery & Suspense]",771242147,Pompeii,2014-02-21,http://api.rottentomatoes.com/api/public/v1.0/movies/771242147/reviews.json,1921064,http://www.rottentomatoes.com/m/pompeii_2013/
73,"[{u'name': u'Diogo Morgado', u'characters': [u'Jesus Christ'], u'id': u'770820624'}, {u'name': u'Roma Downey', u'characters': [u'Mary', u'Mother of Jesus'], u'id': u'162677422'}, {u'name': u'Amber Rose Revah', u'characters': [u'Mary Magdalene'], u'id': u'770821426'}, {u'name': u'Andrew Brooke', u'characters': [u'Antonius'], u'id': u'770880289'}, {u'name': u'Louise Delamere', u'characters': [u'Claudia'], u'id': u'770670731'}]",21,"[{u'name': u'Christopher Spencer'}, {u'name': u'Crispin Reece'}]",[Drama],771366740,Son Of God,2014-02-28,http://api.rottentomatoes.com/api/public/v1.0/movies/771366740/reviews.json,3210686,http://www.rottentomatoes.com/m/son_of_god_2014/
67,"[{u'name': u'Kevin Hart', u'characters': [u'Bernie'], u'id': u'770671077'}, {u'name': u'Michael Ealy', u'characters': [u'Danny'], u'id': u'162713769'}, {u'name': u'Regina Hall', u'characters': [u'Joan'], u'id': u'162667054'}, {u'name': u'Joy Bryant', u'characters': [u'Debbie'], u'id': u'162653223'}, {u'name': u'Christopher McDonald', u'characters': [u'Casey McNeil'], u'id': u'162680629'}]",68,[{u'name': u'Steve Pink'}],"[Comedy, Romance]",771323761,About Last Night,2014-02-14,http://api.rottentomatoes.com/api/public/v1.0/movies/771323761/reviews.json,1826590,http://www.rottentomatoes.com/m/about_last_night_2014/
29,"[{u'name': u'Fran Kranz', u'characters': [u'Astor'], u'id': u'682571209'}, {u'name': u'Dichen Lachman', u'characters': [u'Cali'], u'id': u'770696338'}, {u'name': u'Beau Garrett', u'characters': [u'Mila'], u'id': u'380552704'}, {u'name': u'Caitlin Stasey', u'id': u'770911857'}, {u'name': u'Enver Gjokaj', u'id': u'770815191'}]",-1,[{u'name': u'Anton King'}],"[Drama, Romance, Comedy]",771378931,Lust for Love,2014-02-07,http://api.rottentomatoes.com/api/public/v1.0/movies/771378931/reviews.json,2106529,http://www.rottentomatoes.com/m/lust_for_love_2014/
51,"[{u'name': u'Nadine Labaki', u'id': u'770682252'}, {u'name': u'Gilles Lellouche', u'id': u'284404954'}, {u'name': u'Vincent Lindon', u'id': u'326393386'}, {u'name': u'Gilles Cohen', u'id': u'599790310'}, {u'name': u'Max Baissette de Malglaive', u'id': u'771065889'}]",80,"[{u'name': u'Fred Cavaye'}, {u'name': u'Gabriel Alfonzo'}]","[Mystery & Suspense, Action & Adventure]",771218850,Mea Culpa,2014-11-14,http://api.rottentomatoes.com/api/public/v1.0/movies/771218850/reviews.json,1235199,http://www.rottentomatoes.com/m/mea_culpa_2012/
65,"[{u'name': u'Jerome Robbins', u'id': u'346416793'}, {u'name': u'Jacques d'Amboise', u'id': u'770698285'}, {u'name': u'George Balanchine', u'id': u'770698284'}, {u'name': u'Tanaquil Le Clerq', u'id': u'770799671'}, {u'name': u'Michael Stuhlbarg', u'id': u'770703651'}]",89,[{u'name': u'Nancy Buirski'}],"[Musical & Performing Arts, Documentary]",771364629,Afternoon of a Faun: Tanaquil Le Clercq,2014-02-05,http://api.rottentomatoes.com/api/public/v1.0/movies/771364629/reviews.json,2381319,http://www.rottentomatoes.com/m/afternoon_of_a_faun_tanaquil_le_clercq/
100,"[{u'name': u'Lee ""Scratch"" Perry', u'id': u'770887574'}, {u'name': u'Brian Eno', u'id': u'364654945'}, {u'name': u'Philip Glass', u'id': u'162657150'}, {u'name': u'Giorgio Moroder', u'id': u'770760351'}, {u'name': u'Erykah Badu', u'id': u'335716628'}]",-1,[{u'name': u'Ralf Schmerberg'}],[Documentary],771373524,What Difference Does It Make? A Film About Making Music,2014-02-17,http://api.rottentomatoes.com/api/public/v1.0/movies/771373524/reviews.json,3511442,http://www.rottentomatoes.com/m/what_difference_does_it_make_a_film_about_making_music/
100,"[{u'name': u'Tobias Moretti', u'id': u'770707875'}, {u'name': u'Sophie Rois', u'id': u'770708954'}, {u'name': u'Florentin Groll', u'id': u'770996319'}, {u'name': u'Antonia Moretti', u'id': u'771488705'}, {u'name': u'Pauline Knof', u'id': u'771488707'}]",69,[{u'name': u'Vanessa Lapa'}],[Documentary],771379805,The Decent One,2014-10-01,http://api.rottentomatoes.com/api/public/v1.0/movies/771379805/reviews.json,3508830,http://www.rottentomatoes.com/m/the_decent_one/
100,[],-1,"[{u'name': u'Daniel T. Skaggs'}, {u'name': u'Daniel Skaggs'}]","[Documentary, Action & Adventure, Special Interest]",771381744,Freeload,2014-11-18,http://api.rottentomatoes.com/api/public/v1.0/movies/771381744/reviews.json,2962860,http://www.rottentomatoes.com/m/freeload/
86,"[{u'name': u'Abir Chatterjee', u'id': u'771094113'}, {u'name': u'Jishu Sengupta', u'id': u'770827671'}, {u'name': u'Kharaj Mukherjee', u'id': u'771041124'}, {u'name': u'Riya Sen', u'id': u'394295070'}, {u'name': u'Rahul Banerjee', u'id': u'771430922'}]",-1,[{u'name': u'Srijit Mukherji'}],"[Drama, Romance, Musical & Performing Arts, Art House & International]",771373678,Jaatishwar,2014-02-28,http://api.rottentomatoes.com/api/public/v1.0/movies/771373678/reviews.json,3365690,http://www.rottentomatoes.com/m/jaatishwar/
83,"[{u'name': u'Robert DePalma', u'id': u'771481215'}, {u'name': u'Joe Piacentino', u'id': u'771481216'}, {u'name': u'Axel Baumann', u'id': u'771238562'}, {u'name': u'Jonathan Miller', u'id': u'364600040'}, {u'name': u'Dave McGrath', u'id': u'771481217'}]",80,[{u'name': u'Stephanie Riggs'}],"[Musical & Performing Arts, Documentary]",771316465,The Standbys,2014-02-07,http://api.rottentomatoes.com/api/public/v1.0/movies/771316465/reviews.json,2290757,http://www.rottentomatoes.com/m/the_standbys_2012/
43,"[{u'name': u'Russell Crowe', u'characters': [u'Noah'], u'id': u'162652569'}, {u'name': u'Jennifer Connelly', u'characters': [u'Naameh'], u'id': u'162652853'}, {u'name': u'Ray Winstone', u'characters': [u'Tubal Cain'], u'id': u'162693523'}, {u'name': u'Emma Watson', u'characters': [u'Ila'], u'id': u'162655378'}, {u'name': u'Anthony Hopkins', u'characters': [u'Methuselah'], u'id': u'162653967'}]",77,[{u'name': u'Darren Aronofsky'}],"[Drama, Classics]",771305170,Noah,2014-03-28,http://api.rottentomatoes.com/api/public/v1.0/movies/771305170/reviews.json,1959490,http://www.rottentomatoes.com/m/noah_2014/
54,"[{u'name': u'Sullivan Stapleton', u'characters': [u'Themistocles'], u'id': u'770706605'}, {u'name': u'Eva Green', u'characters': [u'Artemisia'], u'id': u'162652241'}, {u'name': u'Lena Headey', u'characters': [u'Queen Gorgo'], u'id': u'162653508'}, {u'name': u'Rodrigo Santoro', u'characters': [u'Xerxes'], u'id': u'162676528'}, {u'name': u'David Wenham', u'characters': [u'Dilios'], u'id': u'326395611'}]",42,[{u'name': u'Noam Murro'}],"[Drama, Action & Adventure]",771249085,300: Rise of an Empire,2014-03-07,http://api.rottentomatoes.com/api/public/v1.0/movies/771249085/reviews.json,1253863,http://www.rottentomatoes.com/m/300_rise_of_an_empire/
71,"[{u'name': u'Shailene Woodley', u'characters': [u'Tris Prior'], u'id': u'770676364'}, {u'name': u'Theo James', u'characters': [u'Four'], u'id': u'771083872'}, {u'name': u'Kate Winslet', u'characters': [u'Jeanine Matthews'], u'id': u'162659302'}, {u'name': u'Ansel Elgort', u'characters': [u'Caleb'], u'id': u'771409061'}, {u'name': u'Ray Stevenson', u'characters': [u'Marcus'], u'id': u'432539848'}]",41,[{u'name': u'Neil Burger'}],"[Action & Adventure, Science Fiction & Fantasy]",771315918,Divergent,2014-03-21,http://api.rottentomatoes.com/api/public/v1.0/movies/771315918/reviews.json,1840309,http://www.rottentomatoes.com/m/divergent/
74,"[{u'name': u'Laurie Fraser', u'characters': [u'Marie Antoinette'], u'id': u'771157751'}, {u'name': u'Guillaume Aretos', u'characters': [u'Robespierre'], u'id': u'771027637'}, {u'name': u'Pat Musick', u'characters': [u'Teacher'], u'id': u'770699384'}, {u'name': u'Karan Brar', u'characters': [u'Mason'], u'id': u'770912040'}, {u'name': u'Joshua Rush', u'characters': [u'Carl'], u'id': u'771431218'}]",79,[{u'name': u'Rob Minkoff'}],"[Action & Adventure, Animation, Kids & Family, Comedy]",771169232,Mr. Peabody & Sherman,2014-03-07,http://api.rottentomatoes.com/api/public/v1.0/movies/771169232/reviews.json,0864835,http://www.rottentomatoes.com/m/mr_peabody_and_sherman/
59,"[{u'name': u'Aaron Paul', u'characters': [u'Tobey Marshall'], u'id': u'410145522'}, {u'name': u'Imogen Poots', u'characters': [u'Julia Bonet'], u'id': u'770678493'}, {u'name': u'Dominic Cooper', u'characters': [u'Dino Brewster'], u'id': u'349219113'}, {u'name': u'Scott ""Kid Cudi"" Mescudi', u'characters': [u'Benny'], u'id': u'771354837'}, {u'name': u'Ramon Rodriguez', u'characters': [u'Joe Peck'], u'id': u'770685349'}]",22,[{u'name': u'Scott Waugh'}],[Action & Adventure],771311994,Need For Speed,2014-03-14,http://api.rottentomatoes.com/api/public/v1.0/movies/771311994/reviews.json,2369135,http://www.rottentomatoes.com/m/need_for_speed/
60,"[{u'name': u'Wendi McLendon-Covey', u'characters': [u'Jan'], u'id': u'493912297'}, {u'name': u'Nia Long', u'characters': [u'May'], u'id': u'162661398'}, {u'name': u'Amy Smart', u'characters': [u'Hillary'], u'id': u'162655491'}, {u'name': u'Zulay Henao', u'characters': [u'Esperanza'], u'id': u'770682001'}, {u'name': u'Cocoa Brown', u'characters': [u'Lytia'], u'id': u'770745278'}]",16,[{u'name': u'Tyler Perry'}],"[Drama, Comedy]",771320504,The Single Moms Club,2014-03-14,http://api.rottentomatoes.com/api/public/v1.0/movies/771320504/reviews.json,2465140,http://www.rottentomatoes.com/m/the_single_moms_club/
86,"[{u'name': u'Tom Brokaw', u'id': u'770688600'}]",-1,"[{u'name': u'Pascal Vuong'}, {u'name': u'Ronan Chapalain'}]","[Documentary, Special Interest]",771373263,D-day: Normandy 1944,2014-06-06,http://api.rottentomatoes.com/api/public/v1.0/movies/771373263/reviews.json,3635920,http://www.rottentomatoes.com/m/d_day_normandy_1944/
88,"[{u'name': u'Mary Ellen Mark', u'id': u'771099366'}, {u'name': u'Phil Donahue', u'id': u'770674630'}, {u'name': u'Duffy Levant', u'id': u'771485051'}, {u'name': u'Joe Matthews', u'id': u'771361728'}, {u'name': u'Michael Strauss', u'id': u'771082869'}]",94,"[{u'name': u'Charlie Siskel'}, {u'name': u'John Maloof'}]","[Documentary, Special Interest]",771362199,Finding Vivian Maier,2014-03-21,http://api.rottentomatoes.com/api/public/v1.0/movies/771362199/reviews.json,2714900,http://www.rottentomatoes.com/m/finding_vivian_maier/
57,"[{u'name': u'Michael Pitt', u'characters': [u'Tommy Uva'], u'id': u'326300386'}, {u'name': u'Nina Arianda', u'characters': [u'Rosie'], u'id': u'771079864'}, {u'name': u'Andy Garcia', u'characters': [u'Big Al'], u'id': u'162672896'}, {u'name': u'Ray Romano', u'characters': [u'Jerry Cardozo'], u'id': u'162674838'}, {u'name': u'Griffin Dunne', u'characters': [u'Dave Lovell'], u'id': u'162660139'}]",83,"[{u'name': u'Raymond DeFelitta'}, {u'name': u'Raymond De Felitta'}]","[Drama, Comedy]",771371589,Rob the Mob,2014-03-21,http://api.rottentomatoes.com/api/public/v1.0/movies/771371589/reviews.json,2481480,http://www.rottentomatoes.com/m/rob_the_mob/
38,"[{u'name': u'Sam Rockwell', u'characters': [u'Douglas Varney'], u'id': u'162652298'}, {u'name': u'Olivia Wilde', u'characters': [u'Elizabeth Roberts'], u'id': u'326299741'}, {u'name': u'Michelle Monaghan', u'characters': [u'Kara Varney'], u'id': u'162654801'}, {u'name': u'Ray Liotta', u'characters': [u'Jack Roberts'], u'id': u'162669095'}, {u'name': u'Norbert Leo Butz', u'characters': [u'Agent Andrew Carp'], u'id': u'351526913'}]",20,"[{u'name': u'Geoff Moore'}, {u'name': u'David Posamentier'}]","[Drama, Comedy]",771373166,Better Living Through Chemistry,2014-03-14,http://api.rottentomatoes.com/api/public/v1.0/movies/771373166/reviews.json,1609479,http://www.rottentomatoes.com/m/better_living_through_chemistry/
80,"[{u'name': u'Shane Harper', u'characters': [u'Josh'], u'id': u'770846005'}, {u'name': u'Kevin Sorbo', u'characters': [u'Professor Radisson'], u'id': u'162676109'}, {u'name': u'David A.R. White', u'characters': [u'Pastor Dave'], u'id': u'559759203'}, {u'name': u'Dean Cain', u'characters': [u'Mark'], u'id': u'162696548'}, {u'name': u'Willie Robertson', u'characters': [u'Willie Robertson'], u'id': u'771465246'}]",17,[{u'name': u'Harold Cronk'}],"[Drama, Comedy]",771371948,God's Not Dead,2014-03-21,http://api.rottentomatoes.com/api/public/v1.0/movies/771371948/reviews.json,2528814,http://www.rottentomatoes.com/m/gods_not_dead/
38,"[{u'name': u'Paul Aaron', u'id': u'162681805'}, {u'name': u'Pierce Brosnan', u'characters': [u'Martin Sharp'], u'id': u'162663451'}, {u'name': u'Toni Collette', u'characters': [u'Maureen'], u'id': u'162654444'}, {u'name': u'Aaron Paul', u'characters': [u'J.J.'], u'id': u'410145522'}, {u'name': u'Imogen Poots', u'characters': [u'Jess Crichton'], u'id': u'770678493'}]",21,[{u'name': u'Pascal Chaumeil'}],"[Drama, Art House & International, Comedy]",771357238,A Long Way Down,2014-07-11,http://api.rottentomatoes.com/api/public/v1.0/movies/771357238/reviews.json,0458413,http://www.rottentomatoes.com/m/a_long_way_down/
48,"[{u'name': u'Elijah Wood', u'characters': [u'Tom Selznick'], u'id': u'162652512'}, {u'name': u'John Cusack', u'characters': [u'Clem'], u'id': u'162652927'}, {u'name': u'Tamsin Egerton', u'characters': [u'Ashley'], u'id': u'326390750'}, {u'name': u'Kerry Bishe', u'characters': [u'Emma Selznick'], u'id': u'770907902'}, {u'name': u'Alex Winter', u'characters': [u'Assistant'], u'id': u'162663886'}]",77,[{u'name': u'Eugenio Mira'}],[Mystery & Suspense],771364875,Grand Piano,2014-03-07,http://api.rottentomatoes.com/api/public/v1.0/movies/771364875/reviews.json,2039345,http://www.rottentomatoes.com/m/grand_piano/
80,"[{u'name': u'Jarvis Cocker', u'id': u'208135193'}, {u'name': u'Nick Banks', u'id': u'771085745'}, {u'name': u'Candida Doyle', u'id': u'771485535'}, {u'name': u'Steve Mackey', u'id': u'771028871'}, {u'name': u'Mark Webber', u'id': u'364608550'}]",83,[{u'name': u'Florian Habicht'}],"[Musical & Performing Arts, Documentary]",771377010,"Pulp: a Film About Life, Death & Supermarkets",2014-11-19,http://api.rottentomatoes.com/api/public/v1.0/movies/771377010/reviews.json,3265262,http://www.rottentomatoes.com/m/pulp_a_film_about_life_death_and_supermarkets/
92,"[{u'name': u'Emily Van Camp', u'id': u'770782108'}, {u'name': u'Chris Evans', u'characters': [u'Captain America/Steve Rogers'], u'id': u'162652784'}, {u'name': u'Samuel L. Jackson', u'characters': [u'Nick Fury'], u'id': u'162652156'}, {u'name': u'Scarlett Johansson', u'characters': [u'Natasha Romanoff/Black Widow'], u'id': u'162652872'}, {u'name': u'Anthony Mackie', u'characters': [u'Sam Wilson/Falcon'], u'id': u'162653786'}]",89,"[{u'name': u'Anthony Russo'}, {u'name': u'Joe Russo'}]","[Action & Adventure, Science Fiction & Fantasy]",771312513,Captain America: The Winter Soldier,2014-04-04,http://api.rottentomatoes.com/api/public/v1.0/movies/771312513/reviews.json,1843866,http://www.rottentomatoes.com/m/captain_america_the_winter_soldier_2014/
67,"[{u'name': u'Greg Kinnear', u'characters': [u'Todd Burpo'], u'id': u'162652891'}, {u'name': u'Kelly Reilly', u'characters': [u'Sonja Burpo'], u'id': u'162684910'}, {u'name': u'Connor Corum', u'characters': [u'Colton Burpo'], u'id': u'771472939'}, {u'name': u'Margo Martindale', u'characters': [u'Nancy Rawling'], u'id': u'542897020'}, {u'name': u'Thomas Haden Church', u'characters': [u'Jay Wilkins'], u'id': u'162683650'}]",46,[{u'name': u'Randall Wallace'}],[Drama],771355185,Heaven Is for Real,2014-04-16,http://api.rottentomatoes.com/api/public/v1.0/movies/771355185/reviews.json,1929263,http://www.rottentomatoes.com/m/heaven_is_for_real/
60,"[{u'name': u'Anne Hathaway', u'characters': [u'Jewel'], u'id': u'162656190'}, {u'name': u'Jesse Eisenberg', u'characters': [u'Blu'], u'id': u'162654393'}, {u'name': u'will.i.am', u'characters': [u'Pedro'], u'id': u'770877658'}, {u'name': u'Jamie Foxx', u'characters': [u'Nico'], u'id': u'162652975'}, {u'name': u'George Lopez', u'characters': [u'Raphael'], u'id': u'162652717'}]",48,[{u'name': u'Carlos Saldanha'}],"[Animation, Kids & Family, Comedy]",771305205,Rio 2,2014-04-11,http://api.rottentomatoes.com/api/public/v1.0/movies/771305205/reviews.json,2357291,http://www.rottentomatoes.com/m/rio_2/
66,"[{u'name': u'Kevin Costner', u'characters': [u'Sonny Weaver', u'Jr.'], u'id': u'162662350'}, {u'name': u'Jennifer Garner', u'characters': [u'Ali'], u'id': u'162660749'}, {u'name': u'Denis Leary', u'characters': [u'Coach Penn'], u'id': u'162659182'}, {u'name': u'Ellen Burstyn', u'characters': [u'Barb Weaver'], u'id': u'162660525'}, {u'name': u'Frank Langella', u'characters': [u'Anthony Molina'], u'id': u'162664308'}]",60,[{u'name': u'Ivan Reitman'}],[Drama],771356814,Draft Day,2014-04-11,http://api.rottentomatoes.com/api/public/v1.0/movies/771356814/reviews.json,2223990,http://www.rottentomatoes.com/m/draft_day/
50,"[{u'name': u'BoA Kwon', u'characters': [u'Aya'], u'id': u'771507478'}, {u'name': u'Derek Hough', u'characters': [u'Donny'], u'id': u'771299959'}, {u'name': u'Boa', u'characters': [u'Aya'], u'id': u'770890985'}, {u'name': u'Will Yun Lee', u'characters': [u'Kaz'], u'id': u'162660751'}, {u'name': u'Miki Ishikawa', u'characters': [u'Natsumi'], u'id': u'771040004'}]",43,[{u'name': u'Duane Adler'}],"[Musical & Performing Arts, Drama]",771364208,Make Your Move,2014-04-18,http://api.rottentomatoes.com/api/public/v1.0/movies/771364208/reviews.json,1828959,http://www.rottentomatoes.com/m/make_your_move_2013/
79,"[{u'name': u'John C. Reilly', u'characters': [u'Narrator'], u'id': u'162652855'}]",89,"[{u'name': u'Alastair Fothergill'}, {u'name': u'Keith Scholey'}]",[Kids & Family],771318848,Bears,2014-04-18,http://api.rottentomatoes.com/api/public/v1.0/movies/771318848/reviews.json,2458776,http://www.rottentomatoes.com/m/bears_2014/
74,"[{u'name': u'Ron Perlman', u'id': u'162664018'}, {u'name': u'Giancarlo Esposito', u'id': u'162690499'}, {u'name': u'Beau Mirchoff', u'id': u'770781201'}, {u'name': u'Titus Welliver', u'id': u'770678366'}, {u'name': u'Michael Eklund', u'id': u'770691369'}]",-1,[{u'name': u'Greg Francis'}],"[Action & Adventure, Art House & International, Mystery & Suspense]",771403274,Poker Night,2014-12-20,http://api.rottentomatoes.com/api/public/v1.0/movies/771403274/reviews.json,2548208,http://www.rottentomatoes.com/m/poker_night/
80,"[{u'name': u'Tishuan Scott', u'characters': [u'Nate'], u'id': u'771432534'}, {u'name': u'Ashton Sanders', u'characters': [u'Will'], u'id': u'771441965'}, {u'name': u'Keston John', u'characters': [u'Marcus'], u'id': u'770789672'}, {u'name': u'Bill Oberst Jr.', u'characters': [u'Burrell'], u'id': u'770834561'}, {u'name': u'Christine Horn', u'characters': [u'Rachel'], u'id': u'771454641'}]",92,[{u'name': u'Chris Eska'}],[Drama],771351830,The Retrieval,2014-04-02,http://api.rottentomatoes.com/api/public/v1.0/movies/771351830/reviews.json,2635006,http://www.rottentomatoes.com/m/the_retrieval/
69,"[{u'name': u'Cate Blanchett', u'characters': [u'Dore Strauch'], u'id': u'162659162'}, {u'name': u'Sebastian Koch', u'characters': [u'Heinz Wittmer'], u'id': u'364644078'}, {u'name': u'Thomas Kretschmann', u'characters': [u'Friedrich Ritter'], u'id': u'162704480'}, {u'name': u'Diane Kruger', u'characters': [u'Margret Wittmer'], u'id': u'162659094'}, {u'name': u'Connie Nielsen', u'characters': [u'Baroness Eloise von Wagner'], u'id': u'162653203'}]",82,"[{u'name': u'Dan Geller'}, {u'name': u'Daniel Geller'}]","[Documentary, Special Interest]",771364779,The Galapagos Affair: Satan Came To Eden,2014-04-04,http://api.rottentomatoes.com/api/public/v1.0/movies/771364779/reviews.json,2960450,http://www.rottentomatoes.com/m/the_galapagos_affair_satan_came_to_eden/
0,"[{u'name': u'Mary Frank Madera', u'id': u'770700346'}]",-1,[{u'name': u'John Cohen'}],"[Documentary, Special Interest]",771371394,Visions of Mary Frank,2014-04-16,http://api.rottentomatoes.com/api/public/v1.0/movies/771371394/reviews.json,2829014,http://www.rottentomatoes.com/m/visions_of_mary_frank/
40,"[{u'name': u'Dean Norris', u'characters': [u'Ash Martini'], u'id': u'770671539'}, {u'name': u'Christopher Meloni', u'characters': [u'Al Klein'], u'id': u'359855102'}, {u'name': u'Devon Bostick', u'characters': [u'Freddy Klein'], u'id': u'770688857'}, {u'name': u'Bridget Moynahan', u'id': u'162653926'}, {u'name': u'Amaury Nolasco', u'characters': [u'Barlow'], u'id': u'770699753'}]",63,[{u'name': u'Joel Surnow'}],[Drama],771364462,Small Time,2014-04-18,http://api.rottentomatoes.com/api/public/v1.0/movies/771364462/reviews.json,2310109,http://www.rottentomatoes.com/m/small_time_2014/
67,"[{u'name': u'Mohamed Nura', u'id': u'771530695'}, {u'name': u'Nur Farax', u'id': u'771530696'}, {u'name': u'Muna Abdelkadir Mirre', u'id': u'771530693'}, {u'name': u'Abdifatah Omar Gedi', u'id': u'771530694'}]",92,"[{u'name': u'Tom Pallotta'}, {u'name': u'Tommy Pallotta'}]","[Documentary, Animation, Special Interest]",771382666,Last Hijack,2014-10-03,http://api.rottentomatoes.com/api/public/v1.0/movies/771382666/reviews.json,1702437,http://www.rottentomatoes.com/m/last_hijack/
38,"[{u'name': u'Gina Carano', u'characters': [u'Ava'], u'id': u'770778222'}, {u'name': u'Luis Guzman', u'characters': [u'Chief Ramon Garza'], u'id': u'162654309'}, {u'name': u'Stephen Lang', u'characters': [u'Casey'], u'id': u'162662195'}, {u'name': u'Amaury Nolasco', u'characters': [u'Silvio Lugo'], u'id': u'770699753'}, {u'name': u'Danny Trejo', u'characters': [u'Big Biz'], u'id': u'358124392'}]",43,[{u'name': u'John Stockwell'}],"[Mystery & Suspense, Action & Adventure]",771269752,In the Blood,2014-04-04,http://api.rottentomatoes.com/api/public/v1.0/movies/771269752/reviews.json,2101570,http://www.rottentomatoes.com/m/in_the_blood_2013/
86,"[{u'name': u'Thomas Rongen', u'characters': [u'Head Coach'], u'id': u'771483243'}, {u'name': u'Jaiyah Saelua', u'characters': [u'Defender'], u'id': u'771487987'}, {u'name': u'Nicky Salapu', u'characters': [u'Goal Keeper'], u'id': u'771487988'}]",100,"[{u'name': u'Mike Brett'}, {u'name': u'Steve Jamison'}]","[Documentary, Sports & Fitness]",771374578,Next Goal Wins,2014-04-25,http://api.rottentomatoes.com/api/public/v1.0/movies/771374578/reviews.json,2446600,http://www.rottentomatoes.com/m/next_goal_wins/
72,"[{u'name': u'Miranda Richardson', u'id': u'162657484'}, {u'name': u'Angelina Jolie', u'characters': [u'Maleficent'], u'id': u'162652626'}, {u'name': u'Sharlto Copley', u'characters': [u'Stefan'], u'id': u'770674319'}, {u'name': u'Elle Fanning', u'characters': [u'Princess Aurora'], u'id': u'528361349'}, {u'name': u'Sam Riley', u'characters': [u'Diaval'], u'id': u'770673828'}]",49,[{u'name': u'Robert Stromberg'}],[Science Fiction & Fantasy],771304593,Maleficent,2014-05-30,http://api.rottentomatoes.com/api/public/v1.0/movies/771304593/reviews.json,1587310,http://www.rottentomatoes.com/m/maleficent_2014/
92,"[{u'name': u'Hugh Jackman', u'characters': [u'Logan/Wolverine'], u'id': u'162661503'}, {u'name': u'James McAvoy', u'characters': [u'Charles Xavier/Professor X'], u'id': u'162714854'}, {u'name': u'Michael Fassbender', u'characters': [u'Erik Lensherr/Magneto'], u'id': u'364641814'}, {u'name': u'Jennifer Lawrence', u'characters': [u'Mystique/Raven'], u'id': u'770800260'}, {u'name': u'Patrick Stewart', u'characters': [u'Charles Xavier/Professor X'], u'id': u'162664301'}]",92,"[{u'name': u'Matthew Vaughn'}, {u'name': u'Bryan Singer'}]","[Action & Adventure, Science Fiction & Fantasy]",771308692,X-Men: Days of Future Past,2014-05-23,http://api.rottentomatoes.com/api/public/v1.0/movies/771308692/reviews.json,1877832,http://www.rottentomatoes.com/m/x_men_days_of_future_past/
67,"[{u'name': u'Andrew Garfield', u'characters': [u'Peter Parker/Spider-Man'], u'id': u'770779702'}, {u'name': u'Emma Stone', u'characters': [u'Gwen Stacy'], u'id': u'770683296'}, {u'name': u'Jamie Foxx', u'characters': [u'Max Dillon/Electro'], u'id': u'162652975'}, {u'name': u'Dane DeHaan', u'characters': [u'Harry Osborn/Green Goblin'], u'id': u'770873652'}, {u'name': u'Chris Cooper', u'characters': [u'Norman Osborn'], u'id': u'162654289'}]",53,[{u'name': u'Marc Webb'}],"[Drama, Action & Adventure, Science Fiction & Fantasy]",771249926,The Amazing Spider-Man 2,2014-05-02,http://api.rottentomatoes.com/api/public/v1.0/movies/771249926/reviews.json,1872181,http://www.rottentomatoes.com/m/the_amazing_spider_man_2/
68,"[{u'name': u'Aaron Taylor-Johnson', u'characters': [u'Ford Brody'], u'id': u'326397411'}, {u'name': u'Elizabeth Olsen', u'characters': [u'Elle Brody'], u'id': u'770827678'}, {u'name': u'Bryan Cranston', u'characters': [u'Joe Brody'], u'id': u'326392501'}, {u'name': u'David Strathairn', u'characters': [u'Admiral William Stenz'], u'id': u'162654527'}, {u'name': u'Ken Watanabe', u'characters': [u'Dr. Ishiro Serizawa'], u'id': u'335718197'}]",73,[{u'name': u'Gareth Edwards'}],"[Mystery & Suspense, Science Fiction & Fantasy]",771225175,Godzilla,2014-05-16,http://api.rottentomatoes.com/api/public/v1.0/movies/771225175/reviews.json,0831387,http://www.rottentomatoes.com/m/godzilla_2014/
65,"[{u'name': u'Adam Sandler', u'characters': [u'Jim'], u'id': u'162652550'}, {u'name': u'Drew Barrymore', u'characters': [u'Lauren'], u'id': u'162652402'}, {u'name': u'Joel McHale', u'characters': [u'Mark'], u'id': u'770792384'}, {u'name': u'Kevin Nealon', u'characters': [u'Eddy'], u'id': u'770677783'}, {u'name': u'Wendi McLendon-Covey', u'characters': [u'Jen'], u'id': u'493912297'}]",14,[{u'name': u'Frank Coraci'}],[Comedy],771377343,Blended,2014-05-23,http://api.rottentomatoes.com/api/public/v1.0/movies/771377343/reviews.json,1086772,http://www.rottentomatoes.com/m/blended/
30,"[{u'name': u'Kriti Sanon', u'characters': [u'Dimpy'], u'id': u'771476334'}, {u'name': u'Tiger Shroff', u'characters': [u'Bablu'], u'id': u'771479143'}]",-1,[{u'name': u'Sabir Khan'}],[Action & Adventure],771373975,Heropanti,2014-05-23,http://api.rottentomatoes.com/api/public/v1.0/movies/771373975/reviews.json,3142232,http://www.rottentomatoes.com/m/heropanti/
88,"[{u'name': u'Marion Cotillard', u'id': u'162688286'}, {u'name': u'Fabrizio Rongione', u'id': u'326393337'}, {u'name': u'Pili Groyne', u'id': u'771510525'}, {u'name': u'Simon Caudry', u'id': u'771585756'}, {u'name': u'Catherine Salee', u'id': u'770828269'}]",95,"[{u'name': u'Jean-Pierre Dardenne'}, {u'name': u'Luc Dardenne'}]",[Drama],771372270,"Two Days, One Night",2014-12-24,http://api.rottentomatoes.com/api/public/v1.0/movies/771372270/reviews.json,2737050,http://www.rottentomatoes.com/m/two_days_one_night/
92,"[{u'name': u'Sarah Geronimo', u'id': u'770692364'}, {u'name': u'Coco Martin', u'id': u'770681229'}, {u'name': u'Ruffa Gutierrez', u'id': u'770758521'}]",-1,[{u'name': u'Jerry Lopez Sineneng'}],"[Drama, Romance, Comedy]",771381438,Maybe This Time,2014-06-06,http://api.rottentomatoes.com/api/public/v1.0/movies/771381438/reviews.json,3707612,http://www.rottentomatoes.com/m/maybe_this_time/
29,"[{u'name': u'Robin Williams', u'characters': [u'Henry Altmann'], u'id': u'162652387'}, {u'name': u'Mila Kunis', u'characters': [u'Dr. Sharon Gill'], u'id': u'364629418'}, {u'name': u'Melissa Leo', u'characters': [u'Bette Altmann'], u'id': u'371352682'}, {u'name': u'Peter Dinklage', u'characters': [u'Aaron Altmann'], u'id': u'162653586'}, {u'name': u'Hamish Linklater', u'characters': [u'Tommy Altmann'], u'id': u'770695024'}]",10,[{u'name': u'Phil Alden Robinson'}],"[Drama, Comedy]",771377197,The Angriest Man in Brooklyn,2014-05-23,http://api.rottentomatoes.com/api/public/v1.0/movies/771377197/reviews.json,1294970,http://www.rottentomatoes.com/m/the_angriest_man_in_brooklyn/
75,"[{u'name': u'Michael Fassbender', u'characters': [u'Frank'], u'id': u'364641814'}, {u'name': u'Domhnall Gleeson', u'characters': [u'Jon'], u'id': u'770702167'}, {u'name': u'Maggie Gyllenhaal', u'characters': [u'Clara'], u'id': u'162663906'}, {u'name': u'Scoot McNairy', u'characters': [u'Don'], u'id': u'770681905'}, {u'name': u'Carla Azar', u'characters': [u'Nana'], u'id': u'771501276'}]",93,[{u'name': u'Lenny Abrahamson'}],"[Drama, Comedy]",771371770,Frank,2014-08-15,http://api.rottentomatoes.com/api/public/v1.0/movies/771371770/reviews.json,1605717,http://www.rottentomatoes.com/m/frank_2014/
39,"[{u'name': u'Elizabeth Banks', u'characters': [u'Meghan Miles'], u'id': u'162653584'}, {u'name': u'James Marsden', u'characters': [u'Gordon'], u'id': u'162684857'}, {u'name': u'Gillian Jacobs', u'characters': [u'Rose'], u'id': u'770706078'}, {u'name': u'Kevin Nealon', u'characters': [u'Chopper Steve'], u'id': u'770677783'}, {u'name': u'Ethan Suplee', u'characters': [u'Officer Dave Gidlow'], u'id': u'357005912'}]",12,[{u'name': u'Steven Brill'}],"[Comedy, Romance]",771354227,Walk Of Shame,2014-05-02,http://api.rottentomatoes.com/api/public/v1.0/movies/771354227/reviews.json,2463288,http://www.rottentomatoes.com/m/walk_of_shame_2013/
41,"[{u'name': u'Neil Patrick Harris', u'characters': [u'Foy'], u'id': u'351527581'}, {u'name': u'Amanda Seyfried', u'characters': [u'Louise'], u'id': u'364614826'}, {u'name': u'Charlize Theron', u'characters': [u'Anna'], u'id': u'162654733'}, {u'name': u'Liam Neeson', u'characters': [u'Clinch'], u'id': u'162652242'}, {u'name': u'Giovanni Ribisi', u'characters': [u'Edward'], u'id': u'162655082'}]",33,[{u'name': u'Seth MacFarlane'}],"[Western, Comedy]",771350283,A Million Ways to Die in the West,2014-05-30,http://api.rottentomatoes.com/api/public/v1.0/movies/771350283/reviews.json,2557490,http://www.rottentomatoes.com/m/a_million_ways_to_die_in_the_west/
33,"[{u'name': u'Brian Austin Green', u'id': u'162744489'}, {u'name': u'Sebastian DeSouza', u'id': u'771495073'}, {u'name': u'Amelle Berrabah', u'id': u'770764759'}, {u'name': u'Ed Speleers', u'characters': [u'Sam'], u'id': u'422274156'}, {u'name': u'Edward Speleers', u'characters': [u'Sam'], u'id': u'364513275'}]",12,[{u'name': u'Julian Gilbey'}],"[Action & Adventure, Mystery & Suspense, Comedy]",771377377,Plastic,2014-09-26,http://api.rottentomatoes.com/api/public/v1.0/movies/771377377/reviews.json,2556874,http://www.rottentomatoes.com/m/plastic_2014/
100,[],-1,"[{u'name': u'Faythe Levine'}, {u'name': u'Sam Macon'}]","[Documentary, Musical & Performing Arts, Special Interest]",771358157,Sign Painters,2014-05-13,http://api.rottentomatoes.com/api/public/v1.0/movies/771358157/reviews.json,3358998,http://www.rottentomatoes.com/m/sign_painters_2013/
34,"[{u'name': u'Chiwetel Ejiofor', u'characters': [u'Odenigbo'], u'id': u'162654272'}, {u'name': u'Thandie Newton', u'characters': [u'Olanna'], u'id': u'162708663'}, {u'name': u'Anika Noni Rose', u'characters': [u'Kainene'], u'id': u'770691440'}, {u'name': u'John Boyega', u'characters': [u'Ugwu'], u'id': u'771099376'}, {u'name': u'Joseph Mawle', u'characters': [u'Richard'], u'id': u'770677461'}]",51,[{u'name': u'Biyi Bandele'}],[Drama],771362050,Half of a Yellow Sun,2014-05-16,http://api.rottentomatoes.com/api/public/v1.0/movies/771362050/reviews.json,2215077,http://www.rottentomatoes.com/m/half_of_a_yellow_sun/
77,"[{u'name': u'Jonathan Franzen', u'id': u'771429490'}, {u'name': u'Jonathan Rosen', u'id': u'771332087'}, {u'name': u'Chris Cooper', u'id': u'162654289'}, {u'name': u'Starr Saphir', u'id': u'771432142'}, {u'name': u'Anya Auerbach', u'characters': [u'Anya Auerbach'], u'id': u'771421732'}]",100,[{u'name': u'Jeffrey Kimball'}],[Documentary],771316803,Birders: The Central Park Effect,2013-01-18,http://api.rottentomatoes.com/api/public/v1.0/movies/771316803/reviews.json,2310157,http://www.rottentomatoes.com/m/birders_the_central_park_effect/
64,"[{u'name': u'Lea Drucker', u'characters': [u'Delphine Gahyde'], u'id': u'364598782'}, {u'name': u'Mathieu Amalric', u'characters': [u'Julien Gahyde'], u'id': u'326393387'}, {u'name': u'Stephanie Cleau', u'characters': [u'Esther Despierre'], u'id': u'771097506'}, {u'name': u'Laurent Poitrenaux', u'characters': [u'Judicial Investigator'], u'id': u'770845973'}, {u'name': u'Blutch', u'characters': [u'Psychologist'], u'id': u'770795975'}]",85,[{u'name': u'Mathieu Amalric'}],"[Mystery & Suspense, Drama]",771379580,The Blue Room,2014-10-03,http://api.rottentomatoes.com/api/public/v1.0/movies/771379580/reviews.json,3230082,http://www.rottentomatoes.com/m/la_chambre_bleue/
91,"[{u'name': u'Jay Baruchel', u'characters': [u'Hiccup'], u'id': u'259260120'}, {u'name': u'Gerard Butler', u'characters': [u'Stoick'], u'id': u'162659102'}, {u'name': u'America Ferrera', u'characters': [u'Astrid'], u'id': u'162652611'}, {u'name': u'Jonah Hill', u'characters': [u'Snotlout'], u'id': u'326297850'}, {u'name': u'Christopher Mintz-Plasse', u'characters': [u'Fishlegs'], u'id': u'770679139'}]",92,[{u'name': u'Dean DeBlois'}],"[Action & Adventure, Animation, Kids & Family, Science Fiction & Fantasy]",771040382,How to Train Your Dragon 2,2014-06-13,http://api.rottentomatoes.com/api/public/v1.0/movies/771040382/reviews.json,1646971,http://www.rottentomatoes.com/m/how_to_train_your_dragon_2/
91,"[{u'name': u'Tom Cruise', u'characters': [u'Major William Cage'], u'id': u'162652763'}, {u'name': u'Emily Blunt', u'characters': [u'Rita Vrataski'], u'id': u'162685827'}, {u'name': u'Bill Paxton', u'characters': [u'Master Sergeant Farell'], u'id': u'162654226'}, {u'name': u'Jonas Armstrong', u'characters': [u'Skinner'], u'id': u'770796908'}, {u'name': u'Tony Way', u'characters': [u'Kimmel'], u'id': u'770853907'}]",90,[{u'name': u'Doug Liman'}],"[Drama, Science Fiction & Fantasy]",771317257,Live Die Repeat: Edge of Tomorrow,2014-06-06,http://api.rottentomatoes.com/api/public/v1.0/movies/771317257/reviews.json,1631867,http://www.rottentomatoes.com/m/live_die_repeat_edge_of_tomorrow/
53,"[{u'name': u'Mark Wahlberg', u'characters': [u'Cade Yeager'], u'id': u'162653181'}, {u'name': u'Jack Reynor', u'characters': [u'Shane Dyson'], u'id': u'771403543'}, {u'name': u'Nicola Peltz', u'characters': [u'Tessa Yeager'], u'id': u'770833458'}, {u'name': u'Stanley Tucci', u'characters': [u'Joshua Joyce'], u'id': u'162661152'}, {u'name': u'Kelsey Grammer', u'characters': [u'Harold Attinger'], u'id': u'162660300'}]",18,[{u'name': u'Michael Bay'}],"[Action & Adventure, Science Fiction & Fantasy]",771269858,Transformers: Age of Extinction,2014-06-27,http://api.rottentomatoes.com/api/public/v1.0/movies/771269858/reviews.json,2109248,http://www.rottentomatoes.com/m/transformers_age_of_extinction/
80,"[{u'name': u'Jonah Hill', u'characters': [u'Schmidt'], u'id': u'326297850'}, {u'name': u'Channing Tatum', u'characters': [u'Jenko'], u'id': u'162661835'}, {u'name': u'Peter Stormare', u'characters': [u'The Ghost'], u'id': u'162725032'}, {u'name': u'Ice Cube', u'characters': [u'Captain Dickson'], u'id': u'162652332'}, {u'name': u'Amber Stevens', u'characters': [u'Maya'], u'id': u'770793901'}]",84,"[{u'name': u'Chris Miller (VII)'}, {u'name': u'Phil Lord'}]","[Action & Adventure, Comedy]",771355226,22 Jump Street,2014-06-13,http://api.rottentomatoes.com/api/public/v1.0/movies/771355226/reviews.json,2294449,http://www.rottentomatoes.com/m/22_jump_street/
52,"[{u'name': u'Deng Chao', u'characters': [u'Mei Yuangui'], u'id': u'770904621'}, {u'name': u'Mi Yang', u'characters': [u'Ye Xiaochun'], u'id': u'770779697'}, {u'name': u'Chao Wei Liang', u'characters': [u'Mountain Tang'], u'id': u'770917383'}, {u'name': u'Xu Kejia', u'characters': [u'Old Six'], u'id': u'771496626'}, {u'name': u'Liu Yan', u'characters': [u'Zhu Li'], u'id': u'771496627'}]",-1,"[{u'name': u'Chao Deng'}, {u'name': u'Yu Baimei'}]","[Action & Adventure, Comedy]",771379200,The BreakUp Guru,2014-06-27,http://api.rottentomatoes.com/api/public/v1.0/movies/771379200/reviews.json,3667798,http://www.rottentomatoes.com/m/the_breakup_guru/
61,"[{u'name': u'Adam Brody', u'characters': [u'Isaac'], u'id': u'162652628'}, {u'name': u'Michael Ealy', u'characters': [u'Dominic'], u'id': u'162713769'}, {u'name': u'Jerry Ferrara', u'characters': [u'Jeremy'], u'id': u'364659706'}, {u'name': u'Meagan Good', u'characters': [u'Mya'], u'id': u'162654101'}, {u'name': u'Regina Hall', u'characters': [u'Candace'], u'id': u'162667054'}]",23,[{u'name': u'Tim Story'}],"[Comedy, Romance]",771358910,Think Like a Man Too,2014-06-20,http://api.rottentomatoes.com/api/public/v1.0/movies/771358910/reviews.json,2239832,http://www.rottentomatoes.com/m/think_like_a_man_too/
83,"[{u'name': u'Edie McClurg', u'id': u'364623351'}, {u'name': u'Jason Burkey', u'id': u'771386188'}, {u'name': u'John Diehl', u'id': u'162716099'}, {u'name': u'Robert Davi', u'id': u'162669828'}, {u'name': u'Zoe Myers', u'id': u'771045027'}]",-1,"[{u'name': u'Michael Davis'}, {u'name': u'John Errington'}]",[Drama],771380262,A Long Way Off,2014-06-06,http://api.rottentomatoes.com/api/public/v1.0/movies/771380262/reviews.json,2386502,http://www.rottentomatoes.com/m/a_long_way_off/
60,"[{u'name': u'Sara Carlson', u'characters': [u'Sara'], u'id': u'770927770'}, {u'name': u'Colby Trichell', u'characters': [u'Colby'], u'id': u'771446276'}, {u'name': u'Tim Carlson', u'characters': [u'Tim'], u'id': u'771057160'}, {u'name': u'LeeAnne Carlson', u'characters': [u'LeeAnne'], u'id': u'771446277'}, {u'name': u'Katarina Carlson', u'characters': [u'Katarina'], u'id': u'771446278'}]",82,[{u'name': u'Roberto Minervini'}],[Drama],771355947,Stop The Pounding Heart,2014-09-19,http://api.rottentomatoes.com/api/public/v1.0/movies/771355947/reviews.json,2855026,http://www.rottentomatoes.com/m/stop_the_pounding_heart/
39,"[{u'name': u'Anil George', u'characters': [u'Vicky'], u'id': u'771408714'}, {u'name': u'Nawazuddin Siddiqui', u'characters': [u'Sonu'], u'id': u'770867888'}, {u'name': u'Niharika Singh', u'characters': [u'Pinky'], u'id': u'771408713'}, {u'name': u'Menaka Lalwani', u'id': u'771410994'}, {u'name': u'Zeena Bhatia', u'id': u'771410995'}]",54,[{u'name': u'Ashim Ahluwalia'}],"[Art House & International, Drama]",771307332,Miss Lovely,2014-06-20,http://api.rottentomatoes.com/api/public/v1.0/movies/771307332/reviews.json,1629715,http://www.rottentomatoes.com/m/miss_lovely_2012/
42,"[{u'name': u'Pierre Niney', u'characters': [u'Yves Saint Laurent'], u'id': u'770862270'}, {u'name': u'Guillaume Gallienne', u'characters': [u'Pierre Berge'], u'id': u'770691966'}, {u'name': u'Charlotte Le Bon', u'characters': [u'Victoire Doutreleau'], u'id': u'771426955'}, {u'name': u'Laura Smet', u'characters': [u'Loulou de la Falaise'], u'id': u'326299055'}, {u'name': u'Marie de Villepin', u'characters': [u'Betty Catroux'], u'id': u'771379757'}]",44,[{u'name': u'Jalil Lespert'}],[Drama],771372109,Yves Saint Laurent,2014-06-25,http://api.rottentomatoes.com/api/public/v1.0/movies/771372109/reviews.json,2707858,http://www.rottentomatoes.com/m/yves_saint_laurent/
80,"[{u'name': u'Ryan McGarry', u'id': u'771447829'}, {u'name': u'Andrew Eads, M.D.', u'id': u'771495816'}, {u'name': u'Danny Cheng, M.D.', u'id': u'771495818'}, {u'name': u'Arash Kohanteb, M.D.', u'id': u'771495819'}, {u'name': u'William ""Billy"" Mallon, M.D.', u'id': u'771495820'}]",91,[{u'name': u'Ryan McGarry'}],"[Documentary, Special Interest]",771357553,CODE BLACK,2014-06-20,http://api.rottentomatoes.com/api/public/v1.0/movies/771357553/reviews.json,2759372,http://www.rottentomatoes.com/m/code_black_2013/
38,"[{u'name': u'Kristyan Ferrer', u'characters': [u'Sebastian'], u'id': u'770830717'}, {u'name': u'Adriana Paz', u'characters': [u'Miranda'], u'id': u'770839342'}, {u'name': u'Eliseo Lara Martinez', u'characters': [u'Jacinto'], u'id': u'771493255'}, {u'name': u'Bartolo Campos', u'characters': [u'Severino'], u'id': u'771493256'}, {u'name': u'Rebeca Villacorte', u'characters': [u'Lucha'], u'id': u'771493257'}]",83,"[{u'name': u'Aaron Fernandez'}, {u'name': u'Aaron Fernandez Lesur'}]",[Drama],771366327,The Empty Hours,2014-07-11,http://api.rottentomatoes.com/api/public/v1.0/movies/771366327/reviews.json,3249158,http://www.rottentomatoes.com/m/the_empty_hours/
62,"[{u'name': u'Alex Benepe', u'id': u'771499273'}, {u'name': u'Tom Marks', u'id': u'771311899'}, {u'name': u'Katie Aiani', u'id': u'771499274'}]",-1,[{u'name': u'Farzad Sangari'}],"[Documentary, Special Interest]",771382767,Mudbloods,2014-10-14,http://api.rottentomatoes.com/api/public/v1.0/movies/771382767/reviews.json,3272018,http://www.rottentomatoes.com/m/mudbloods/
94,"[{u'name': u'Chris Pratt', u'characters': [u'Peter Quill/Star-Lord'], u'id': u'770692298'}, {u'name': u'Zoe Saldana', u'characters': [u'Gamora'], u'id': u'162660050'}, {u'name': u'Dave Bautista', u'characters': [u'Drax'], u'id': u'771584423'}, {u'name': u'Lee Pace', u'characters': [u'Ronan the Accuser'], u'id': u'493815806'}, {u'name': u'Michael Rooker', u'characters': [u'Yondu'], u'id': u'162724222'}]",90,[{u'name': u'James Gunn'}],"[Action & Adventure, Science Fiction & Fantasy]",771311818,Guardians of the Galaxy,2014-08-01,http://api.rottentomatoes.com/api/public/v1.0/movies/771311818/reviews.json,2015381,http://www.rottentomatoes.com/m/guardians_of_the_galaxy/
90,"[{u'name': u'Jason Clarke', u'characters': [u'Malcolm'], u'id': u'359854726'}, {u'name': u'Gary Oldman', u'characters': [u'Dreyfus'], u'id': u'162652649'}, {u'name': u'Keri Russell', u'characters': [u'Ellie'], u'id': u'162685092'}, {u'name': u'Kodi Smit-McPhee', u'characters': [u'Alexander'], u'id': u'770673434'}, {u'name': u'Kirk Acevedo', u'characters': [u'Carver'], u'id': u'326392718'}]",91,[{u'name': u'Matt Reeves'}],"[Drama, Action & Adventure, Science Fiction & Fantasy]",771308675,Dawn Of The Planet Of The Apes,2014-07-11,http://api.rottentomatoes.com/api/public/v1.0/movies/771308675/reviews.json,2103281,http://www.rottentomatoes.com/m/dawn_of_the_planet_of_the_apes/
47,"[{u'name': u'Min-sik Choi', u'characters': [u'Mr. Jang'], u'id': u'162695879'}, {u'name': u'Pilou Asbaek', u'characters': [u'Richard'], u'id': u'770921406'}, {u'name': u'Scarlett Johansson', u'characters': [u'Lucy'], u'id': u'162652872'}, {u'name': u'Morgan Freeman', u'characters': [u'Professor Norman'], u'id': u'162652224'}, {u'name': u'Amr Waked', u'characters': [u'Pierre Del Rio'], u'id': u'326393104'}]",66,[{u'name': u'Luc Besson'}],[Action & Adventure],771360863,Lucy,2014-07-25,http://api.rottentomatoes.com/api/public/v1.0/movies/771360863/reviews.json,2872732,http://www.rottentomatoes.com/m/lucy_2014/
53,"[{u'name': u'Dwayne ""The Rock"" Johnson', u'characters': [u'Hercules'], u'id': u'770893686'}, {u'name': u'Ian McShane', u'characters': [u'Amphiaraus'], u'id': u'326396263'}, {u'name': u'Rufus Sewell', u'characters': [u'Autolycus'], u'id': u'162654887'}, {u'name': u'Ingrid Bolso Berdal', u'characters': [u'Atalanta'], u'id': u'771616959'}, {u'name': u'John Hurt', u'characters': [u'Lord Cotys'], u'id': u'162653221'}]",58,[{u'name': u'Brett Ratner'}],"[Action & Adventure, Science Fiction & Fantasy]",771324950,Hercules,2014-07-25,http://api.rottentomatoes.com/api/public/v1.0/movies/771324950/reviews.json,1267297,http://www.rottentomatoes.com/m/hercules_the_thracian_wars/
60,"[{u'name': u'Frank Grillo', u'characters': [u'Sergeant'], u'id': u'770679606'}, {u'name': u'Kiele Sanchez', u'characters': [u'Liz'], u'id': u'770719183'}, {u'name': u'Michael K. Williams', u'characters': [u'Carmelo'], u'id': u'770685984'}, {u'name': u'Zach Gilford', u'characters': [u'Shane'], u'id': u'770681835'}, {u'name': u'Carmen Ejogo', u'characters': [u'Eva'], u'id': u'770716015'}]",56,[{u'name': u'James DeMonaco'}],[Horror],771358674,The Purge: Anarchy,2014-07-18,http://api.rottentomatoes.com/api/public/v1.0/movies/771358674/reviews.json,2975578,http://www.rottentomatoes.com/m/the_purge_anarchy_2014/
59,"[{u'name': u'Adam G. Sevani', u'characters': [u'Robert ""Moose"" Alexander III'], u'id': u'770698377'}, {u'name': u'Alyson Stoner', u'characters': [u'Camille Cage'], u'id': u'570632261'}, {u'name': u'Ryan Guzman', u'characters': [u'Sean'], u'id': u'771381076'}, {u'name': u'tWitch Boss', u'characters': [u'Jason'], u'id': u'771455900'}, {u'name': u'Stephen Boss', u'characters': [u'Jason'], u'id': u'770855519'}]",43,[{u'name': u'Trish Sie'}],"[Drama, Romance, Musical & Performing Arts]",771371934,Step Up: All In,2014-08-08,http://api.rottentomatoes.com/api/public/v1.0/movies/771371934/reviews.json,2626350,http://www.rottentomatoes.com/m/step_up_all_in/
49,"[{u'name': u'Brian Bradley', u'id': u'770771664'}, {u'name': u'Teo Halm', u'characters': [u'Alex'], u'id': u'771452922'}, {u'name': u'Astro', u'characters': [u'Tuck'], u'id': u'770769927'}, {u'name': u'Ella Linnea Wahlestedt', u'characters': [u'Emma'], u'id': u'771483962'}, {u'name': u'Reese C. Hartwig', u'characters': [u'Munch'], u'id': u'771452923'}]",48,[{u'name': u'Dave Green'}],[Action & Adventure],771356653,Earth to Echo,2014-07-02,http://api.rottentomatoes.com/api/public/v1.0/movies/771356653/reviews.json,2183034,http://www.rottentomatoes.com/m/earth_to_echo/
89,"[{u'name': u'Ellar Coltrane', u'characters': [u'Mason'], u'id': u'771478993'}, {u'name': u'Patricia Arquette', u'characters': [u'Mom'], u'id': u'162670129'}, {u'name': u'Ethan Hawke', u'characters': [u'Dad'], u'id': u'162660464'}, {u'name': u'Lorelei Linklater', u'characters': [u'Samantha'], u'id': u'771017690'}, {u'name': u'Elijah Smith', u'characters': [u'Tommy'], u'id': u'771497481'}]",99,[{u'name': u'Richard Linklater'}],[Drama],771373348,Boyhood,2014-07-11,http://api.rottentomatoes.com/api/public/v1.0/movies/771373348/reviews.json,1065073,http://www.rottentomatoes.com/m/boyhood/
31,"[{u'name': u'Nicola Peltz', u'characters': [u'Kate Miller'], u'id': u'770833458'}, {u'name': u'Ben Rosenfield', u'characters': [u'Fisher Miller'], u'id': u'771418158'}, {u'name': u'Gregg Sulkin', u'characters': [u'Dylan Carson'], u'id': u'770804085'}, {u'name': u'Grant Gustin', u'characters': [u'Todd Goodman'], u'id': u'771456066'}, {u'name': u'Samantha Mathis', u'characters': [u'Bunny Miller'], u'id': u'162656115'}]",20,[{u'name': u'Kevin Asch'}],"[Drama, Television]",771376400,Affluenza,2014-07-11,http://api.rottentomatoes.com/api/public/v1.0/movies/771376400/reviews.json,0325324,http://www.rottentomatoes.com/m/affluenza_2014/
53,"[{u'name': u'Eileen Atkins', u'characters': [u'Aunt Vanessa'], u'id': u'162663863'}, {u'name': u'Colin Firth', u'characters': [u'Stanley'], u'id': u'162654659'}, {u'name': u'Marcia Gay Harden', u'characters': [u'Mrs. Baker'], u'id': u'162652892'}, {u'name': u'Emma Stone', u'characters': [u'Sophie'], u'id': u'770683296'}, {u'name': u'Hamish Linklater', u'characters': [u'Brice'], u'id': u'770695024'}]",51,[{u'name': u'Woody Allen'}],"[Drama, Comedy]",771367659,Magic in the Moonlight,2014-07-25,http://api.rottentomatoes.com/api/public/v1.0/movies/771367659/reviews.json,2870756,http://www.rottentomatoes.com/m/magic_in_the_moonlight/
23,"[{u'name': u'Henry Ian Cusick', u'characters': [u'Danny Hart'], u'id': u'385329548'}, {u'name': u'Nicki Lynn Aycox', u'characters': [u'Lexi'], u'id': u'162691718'}, {u'name': u'Stephen Lang', u'characters': [u'Det. Lloyd Martin'], u'id': u'162662195'}, {u'name': u'David Margulies', u'characters': [u'Morris Herzman'], u'id': u'753783182'}, {u'name': u'Charles Aitken', u'id': u'771453354'}]",-1,[{u'name': u'Larry Brand'}],[Drama],771374317,The Girl on The Train,2014-07-03,http://api.rottentomatoes.com/api/public/v1.0/movies/771374317/reviews.json,2387589,http://www.rottentomatoes.com/m/the_girl_on_the_train_2014/
81,"[{u'name': u'Gabriel Iglesias', u'id': u'770761504'}, {u'name': u'Jacqueline Obradors', u'characters': [u'Esther P. Mendez'], u'id': u'162665815'}, {u'name': u'Gina Brillon', u'characters': [u'Carmen'], u'id': u'771498538'}, {u'name': u'Alfred Robles', u'characters': [u'Pervert #1'], u'id': u'771498539'}, {u'name': u'Armondo Cosio', u'characters': [u'Host'], u'id': u'771316179'}]",54,[{u'name': u'Manny Rodriguez'}],"[Comedy, Special Interest]",771375186,The Fluffy Movie,2014-07-25,http://api.rottentomatoes.com/api/public/v1.0/movies/771375186/reviews.json,3532608,http://www.rottentomatoes.com/m/the_fluffy_movie/
100,"[{u'name': u'Jai', u'id': u'771392665'}, {u'name': u'Nazriya Nazim', u'id': u'771447124'}, {u'name': u'Heebah Patel', u'id': u'771491799'}, {u'name': u'Jamal', u'id': u'770748629'}, {u'name': u'Dinesh', u'id': u'770770276'}]",-1,[{u'name': u'Aneesh'}],[Romance],771380379,Thirumanam Enum Nikkah,2014-05-15,http://api.rottentomatoes.com/api/public/v1.0/movies/771380379/reviews.json,3421036,http://www.rottentomatoes.com/m/thirumanam_enum_nikkah/
36,"[{u'name': u'Sean Astin', u'characters': [u'Narrator'], u'id': u'162659177'}, {u'name': u'Zach Braff', u'id': u'162655018'}, {u'name': u'Al Alcorn', u'id': u'771498351'}, {u'name': u'Peter Armstrong', u'id': u'770714529'}, {u'name': u'Chuck Beaver', u'id': u'771498352'}]",18,[{u'name': u'Jeremy Snead'}],"[Documentary, Special Interest]",771380521,Video Games: The Movie,2014-07-18,http://api.rottentomatoes.com/api/public/v1.0/movies/771380521/reviews.json,3214002,http://www.rottentomatoes.com/m/video_games_the_movie/
34,"[{u'name': u'Jason Segel', u'characters': [u'Jay'], u'id': u'770670222'}, {u'name': u'Cameron Diaz', u'characters': [u'Annie'], u'id': u'162654443'}, {u'name': u'Rob Corddry', u'characters': [u'Robby'], u'id': u'312208850'}, {u'name': u'Ellie Kemper', u'characters': [u'Tess'], u'id': u'770842233'}, {u'name': u'Rob Lowe', u'characters': [u'Hank'], u'id': u'162663375'}]",18,[{u'name': u'Jake Kasdan'}],[Comedy],771355227,Sex Tape,2014-07-18,http://api.rottentomatoes.com/api/public/v1.0/movies/771355227/reviews.json,1956620,http://www.rottentomatoes.com/m/sex_tape_2014/
